"filename", "language", "Markdown", "YAML", "JavaScript", "JSON", "TypeScript JSX", "TypeScript", "PostCSS", "JSON with Comments", "HTML", "Ignore", "comment", "blank", "total"
"/Users/sathvik/wayne/fox/No-Code-Form-Builder-And-Workflow/.github/workflows/ci-backend.yml", "YAML", 0, 35, 0, 0, 0, 0, 0, 0, 0, 0, 0, 9, 44
"/Users/sathvik/wayne/fox/No-Code-Form-Builder-And-Workflow/.github/workflows/ci-frontend.yml", "YAML", 0, 41, 0, 0, 0, 0, 0, 0, 0, 0, 0, 11, 52
"/Users/sathvik/wayne/fox/No-Code-Form-Builder-And-Workflow/README.md", "Markdown", 46, 0, 0, 0, 0, 0, 0, 0, 0, 0, 0, 17, 63
"/Users/sathvik/wayne/fox/No-Code-Form-Builder-And-Workflow/backend/README.md", "Markdown", 74, 0, 0, 0, 0, 0, 0, 0, 0, 0, 0, 19, 93
"/Users/sathvik/wayne/fox/No-Code-Form-Builder-And-Workflow/backend/package-lock.json", "JSON", 0, 0, 0, 4646, 0, 0, 0, 0, 0, 0, 0, 1, 4647
"/Users/sathvik/wayne/fox/No-Code-Form-Builder-And-Workflow/backend/package.json", "JSON", 0, 0, 0, 35, 0, 0, 0, 0, 0, 0, 0, 1, 36
"/Users/sathvik/wayne/fox/No-Code-Form-Builder-And-Workflow/backend/src/app.js", "JavaScript", 0, 0, 25, 0, 0, 0, 0, 0, 0, 0, 36, 10, 71
"/Users/sathvik/wayne/fox/No-Code-Form-Builder-And-Workflow/backend/src/config/firebase.js", "JavaScript", 0, 0, 40, 0, 0, 0, 0, 0, 0, 0, 14, 7, 61
"/Users/sathvik/wayne/fox/No-Code-Form-Builder-And-Workflow/backend/src/config/swagger.js", "JavaScript", 0, 0, 28, 0, 0, 0, 0, 0, 0, 0, 1, 3, 32
"/Users/sathvik/wayne/fox/No-Code-Form-Builder-And-Workflow/backend/src/controllers/authController.js", "JavaScript", 0, 0, 12, 0, 0, 0, 0, 0, 0, 0, 0, 2, 14
"/Users/sathvik/wayne/fox/No-Code-Form-Builder-And-Workflow/backend/src/controllers/formController.js", "JavaScript", 0, 0, 78, 0, 0, 0, 0, 0, 0, 0, 0, 9, 87
"/Users/sathvik/wayne/fox/No-Code-Form-Builder-And-Workflow/backend/src/controllers/formVersionController.js", "JavaScript", 0, 0, 81, 0, 0, 0, 0, 0, 0, 0, 0, 9, 90
"/Users/sathvik/wayne/fox/No-Code-Form-Builder-And-Workflow/backend/src/controllers/submissionController.js", "JavaScript", 0, 0, 72, 0, 0, 0, 0, 0, 0, 0, 0, 8, 80
"/Users/sathvik/wayne/fox/No-Code-Form-Builder-And-Workflow/backend/src/controllers/userController.js", "JavaScript", 0, 0, 29, 0, 0, 0, 0, 0, 0, 0, 0, 4, 33
"/Users/sathvik/wayne/fox/No-Code-Form-Builder-And-Workflow/backend/src/controllers/workflowController.js", "JavaScript", 0, 0, 59, 0, 0, 0, 0, 0, 0, 0, 0, 8, 67
"/Users/sathvik/wayne/fox/No-Code-Form-Builder-And-Workflow/backend/src/db/db.js", "JavaScript", 0, 0, 17, 0, 0, 0, 0, 0, 0, 0, 0, 5, 22
"/Users/sathvik/wayne/fox/No-Code-Form-Builder-And-Workflow/backend/src/middleware/auth.js", "JavaScript", 0, 0, 29, 0, 0, 0, 0, 0, 0, 0, 12, 9, 50
"/Users/sathvik/wayne/fox/No-Code-Form-Builder-And-Workflow/backend/src/middleware/errorHandler.js", "JavaScript", 0, 0, 18, 0, 0, 0, 0, 0, 0, 0, 14, 4, 36
"/Users/sathvik/wayne/fox/No-Code-Form-Builder-And-Workflow/backend/src/models/Form.js", "JavaScript", 0, 0, 91, 0, 0, 0, 0, 0, 0, 0, 3, 15, 109
"/Users/sathvik/wayne/fox/No-Code-Form-Builder-And-Workflow/backend/src/models/FormVersion.js", "JavaScript", 0, 0, 444, 0, 0, 0, 0, 0, 0, 0, 31, 105, 580
"/Users/sathvik/wayne/fox/No-Code-Form-Builder-And-Workflow/backend/src/models/Submission.js", "JavaScript", 0, 0, 84, 0, 0, 0, 0, 0, 0, 0, 5, 21, 110
"/Users/sathvik/wayne/fox/No-Code-Form-Builder-And-Workflow/backend/src/models/User.js", "JavaScript", 0, 0, 41, 0, 0, 0, 0, 0, 0, 0, 0, 10, 51
"/Users/sathvik/wayne/fox/No-Code-Form-Builder-And-Workflow/backend/src/routes/authRoutes.js", "JavaScript", 0, 0, 5, 0, 0, 0, 0, 0, 0, 0, 35, 4, 44
"/Users/sathvik/wayne/fox/No-Code-Form-Builder-And-Workflow/backend/src/routes/formRoutes.js", "JavaScript", 0, 0, 34, 0, 0, 0, 0, 0, 0, 0, 249, 10, 293
"/Users/sathvik/wayne/fox/No-Code-Form-Builder-And-Workflow/backend/src/routes/formVersionRoutes.js", "JavaScript", 0, 0, 23, 0, 0, 0, 0, 0, 0, 0, 196, 6, 225
"/Users/sathvik/wayne/fox/No-Code-Form-Builder-And-Workflow/backend/src/routes/submissionRoutes.js", "JavaScript", 0, 0, 18, 0, 0, 0, 0, 0, 0, 0, 130, 5, 153
"/Users/sathvik/wayne/fox/No-Code-Form-Builder-And-Workflow/backend/src/routes/userRoutes.js", "JavaScript", 0, 0, 8, 0, 0, 0, 0, 0, 0, 0, 61, 4, 73
"/Users/sathvik/wayne/fox/No-Code-Form-Builder-And-Workflow/backend/src/routes/workflowRoutes.js", "JavaScript", 0, 0, 10, 0, 0, 0, 0, 0, 0, 0, 53, 4, 67
"/Users/sathvik/wayne/fox/No-Code-Form-Builder-And-Workflow/backend/src/server.js", "JavaScript", 0, 0, 17, 0, 0, 0, 0, 0, 0, 0, 0, 6, 23
"/Users/sathvik/wayne/fox/No-Code-Form-Builder-And-Workflow/backend/src/services/authService.js", "JavaScript", 0, 0, 44, 0, 0, 0, 0, 0, 0, 0, 0, 8, 52
"/Users/sathvik/wayne/fox/No-Code-Form-Builder-And-Workflow/backend/src/services/formService.js", "JavaScript", 0, 0, 234, 0, 0, 0, 0, 0, 0, 0, 0, 40, 274
"/Users/sathvik/wayne/fox/No-Code-Form-Builder-And-Workflow/backend/src/services/formVersionService.js", "JavaScript", 0, 0, 195, 0, 0, 0, 0, 0, 0, 0, 0, 45, 240
"/Users/sathvik/wayne/fox/No-Code-Form-Builder-And-Workflow/backend/src/services/logicEngine.js", "JavaScript", 0, 0, 219, 0, 0, 0, 0, 0, 0, 0, 6, 27, 252
"/Users/sathvik/wayne/fox/No-Code-Form-Builder-And-Workflow/backend/src/services/logicEngine/conditionTree.js", "JavaScript", 0, 0, 45, 0, 0, 0, 0, 0, 0, 0, 0, 7, 52
"/Users/sathvik/wayne/fox/No-Code-Form-Builder-And-Workflow/backend/src/services/logicEngine/formulaParser.js", "JavaScript", 0, 0, 228, 0, 0, 0, 0, 0, 0, 0, 0, 24, 252
"/Users/sathvik/wayne/fox/No-Code-Form-Builder-And-Workflow/backend/src/services/logicEngine/helpers.js", "JavaScript", 0, 0, 25, 0, 0, 0, 0, 0, 0, 0, 0, 3, 28
"/Users/sathvik/wayne/fox/No-Code-Form-Builder-And-Workflow/backend/src/services/logicEngine/normalizer.js", "JavaScript", 0, 0, 146, 0, 0, 0, 0, 0, 0, 0, 0, 26, 172
"/Users/sathvik/wayne/fox/No-Code-Form-Builder-And-Workflow/backend/src/services/submissionService.js", "JavaScript", 0, 0, 353, 0, 0, 0, 0, 0, 0, 0, 0, 67, 420
"/Users/sathvik/wayne/fox/No-Code-Form-Builder-And-Workflow/backend/src/services/userService.js", "JavaScript", 0, 0, 50, 0, 0, 0, 0, 0, 0, 0, 0, 12, 62
"/Users/sathvik/wayne/fox/No-Code-Form-Builder-And-Workflow/backend/src/services/workflowEngine.js", "JavaScript", 0, 0, 117, 0, 0, 0, 0, 0, 0, 0, 65, 26, 208
"/Users/sathvik/wayne/fox/No-Code-Form-Builder-And-Workflow/backend/src/services/workflowService.js", "JavaScript", 0, 0, 147, 0, 0, 0, 0, 0, 0, 0, 0, 33, 180
"/Users/sathvik/wayne/fox/No-Code-Form-Builder-And-Workflow/backend/src/utils/conditionEvaluator.js", "JavaScript", 0, 0, 49, 0, 0, 0, 0, 0, 0, 0, 34, 17, 100
"/Users/sathvik/wayne/fox/No-Code-Form-Builder-And-Workflow/backend/src/utils/formPermissions.js", "JavaScript", 0, 0, 226, 0, 0, 0, 0, 0, 0, 0, 0, 45, 271
"/Users/sathvik/wayne/fox/No-Code-Form-Builder-And-Workflow/backend/src/utils/validators.js", "JavaScript", 0, 0, 261, 0, 0, 0, 0, 0, 0, 0, 17, 9, 287
"/Users/sathvik/wayne/fox/No-Code-Form-Builder-And-Workflow/docs/Logic Panel & Page.md", "Markdown", 21, 0, 0, 0, 0, 0, 0, 0, 0, 0, 0, 7, 28
"/Users/sathvik/wayne/fox/No-Code-Form-Builder-And-Workflow/docs/form-properties-test-quickcheck.md", "Markdown", 31, 0, 0, 0, 0, 0, 0, 0, 0, 0, 0, 6, 37
"/Users/sathvik/wayne/fox/No-Code-Form-Builder-And-Workflow/docs/logic-system-test-quickcheck.md", "Markdown", 62, 0, 0, 0, 0, 0, 0, 0, 0, 0, 0, 9, 71
"/Users/sathvik/wayne/fox/No-Code-Form-Builder-And-Workflow/frontend/.prettierignore", "Ignore", 0, 0, 0, 0, 0, 0, 0, 0, 0, 7, 0, 1, 8
"/Users/sathvik/wayne/fox/No-Code-Form-Builder-And-Workflow/frontend/.prettierrc", "JSON", 0, 0, 0, 11, 0, 0, 0, 0, 0, 0, 0, 1, 12
"/Users/sathvik/wayne/fox/No-Code-Form-Builder-And-Workflow/frontend/COMPONENT_ADD_GUIDE.md", "Markdown", 139, 0, 0, 0, 0, 0, 0, 0, 0, 0, 0, 49, 188
"/Users/sathvik/wayne/fox/No-Code-Form-Builder-And-Workflow/frontend/README.md", "Markdown", 73, 0, 0, 0, 0, 0, 0, 0, 0, 0, 0, 13, 86
"/Users/sathvik/wayne/fox/No-Code-Form-Builder-And-Workflow/frontend/SCHEMA.json", "JSON", 0, 0, 0, 22, 0, 0, 0, 0, 0, 0, 0, 1, 23
"/Users/sathvik/wayne/fox/No-Code-Form-Builder-And-Workflow/frontend/components.json", "JSON", 0, 0, 0, 25, 0, 0, 0, 0, 0, 0, 0, 1, 26
"/Users/sathvik/wayne/fox/No-Code-Form-Builder-And-Workflow/frontend/eslint.config.js", "JavaScript", 0, 0, 22, 0, 0, 0, 0, 0, 0, 0, 0, 2, 24
"/Users/sathvik/wayne/fox/No-Code-Form-Builder-And-Workflow/frontend/index.html", "HTML", 0, 0, 0, 0, 0, 0, 0, 0, 27, 0, 0, 3, 30
"/Users/sathvik/wayne/fox/No-Code-Form-Builder-And-Workflow/frontend/package-lock.json", "JSON", 0, 0, 0, 13611, 0, 0, 0, 0, 0, 0, 0, 1, 13612
"/Users/sathvik/wayne/fox/No-Code-Form-Builder-And-Workflow/frontend/package.json", "JSON", 0, 0, 0, 70, 0, 0, 0, 0, 0, 0, 0, 1, 71
"/Users/sathvik/wayne/fox/No-Code-Form-Builder-And-Workflow/frontend/src/App.tsx", "TypeScript JSX", 0, 0, 0, 0, 10, 0, 0, 0, 0, 0, 0, 1, 11
"/Users/sathvik/wayne/fox/No-Code-Form-Builder-And-Workflow/frontend/src/components/RichTextEditor.tsx", "TypeScript JSX", 0, 0, 0, 0, 413, 0, 0, 0, 0, 0, 121, 37, 571
"/Users/sathvik/wayne/fox/No-Code-Form-Builder-And-Workflow/frontend/src/components/layout/ProtectedLayout.tsx", "TypeScript JSX", 0, 0, 0, 0, 21, 0, 0, 0, 0, 0, 1, 5, 27
"/Users/sathvik/wayne/fox/No-Code-Form-Builder-And-Workflow/frontend/src/components/theme-provider.tsx", "TypeScript JSX", 0, 0, 0, 0, 184, 0, 0, 0, 0, 0, 1, 46, 231
"/Users/sathvik/wayne/fox/No-Code-Form-Builder-And-Workflow/frontend/src/components/ui/alert-dialog.tsx", "TypeScript JSX", 0, 0, 0, 0, 183, 0, 0, 0, 0, 0, 0, 15, 198
"/Users/sathvik/wayne/fox/No-Code-Form-Builder-And-Workflow/frontend/src/components/ui/badge.tsx", "TypeScript JSX", 0, 0, 0, 0, 44, 0, 0, 0, 0, 0, 0, 6, 50
"/Users/sathvik/wayne/fox/No-Code-Form-Builder-And-Workflow/frontend/src/components/ui/button.tsx", "TypeScript JSX", 0, 0, 0, 0, 62, 0, 0, 0, 0, 0, 1, 6, 69
"/Users/sathvik/wayne/fox/No-Code-Form-Builder-And-Workflow/frontend/src/components/ui/card.tsx", "TypeScript JSX", 0, 0, 0, 0, 94, 0, 0, 0, 0, 0, 0, 10, 104
"/Users/sathvik/wayne/fox/No-Code-Form-Builder-And-Workflow/frontend/src/components/ui/checkbox.tsx", "TypeScript JSX", 0, 0, 0, 0, 28, 0, 0, 0, 0, 0, 0, 4, 32
"/Users/sathvik/wayne/fox/No-Code-Form-Builder-And-Workflow/frontend/src/components/ui/context-menu.tsx", "TypeScript JSX", 0, 0, 0, 0, 244, 0, 0, 0, 0, 0, 0, 18, 262
"/Users/sathvik/wayne/fox/No-Code-Form-Builder-And-Workflow/frontend/src/components/ui/dialog.tsx", "TypeScript JSX", 0, 0, 0, 0, 154, 0, 0, 0, 0, 0, 0, 13, 167
"/Users/sathvik/wayne/fox/No-Code-Form-Builder-And-Workflow/frontend/src/components/ui/dropdown-menu.tsx", "TypeScript JSX", 0, 0, 0, 0, 250, 0, 0, 0, 0, 0, 0, 18, 268
"/Users/sathvik/wayne/fox/No-Code-Form-Builder-And-Workflow/frontend/src/components/ui/field.tsx", "TypeScript JSX", 0, 0, 0, 0, 217, 0, 0, 0, 0, 0, 0, 20, 237
"/Users/sathvik/wayne/fox/No-Code-Form-Builder-And-Workflow/frontend/src/components/ui/input.tsx", "TypeScript JSX", 0, 0, 0, 0, 16, 0, 0, 0, 0, 0, 0, 4, 20
"/Users/sathvik/wayne/fox/No-Code-Form-Builder-And-Workflow/frontend/src/components/ui/label.tsx", "TypeScript JSX", 0, 0, 0, 0, 19, 0, 0, 0, 0, 0, 0, 4, 23
"/Users/sathvik/wayne/fox/No-Code-Form-Builder-And-Workflow/frontend/src/components/ui/popover.tsx", "TypeScript JSX", 0, 0, 0, 0, 78, 0, 0, 0, 0, 0, 0, 10, 88
"/Users/sathvik/wayne/fox/No-Code-Form-Builder-And-Workflow/frontend/src/components/ui/radio-group.tsx", "TypeScript JSX", 0, 0, 0, 0, 38, 0, 0, 0, 0, 0, 0, 5, 43
"/Users/sathvik/wayne/fox/No-Code-Form-Builder-And-Workflow/frontend/src/components/ui/select.tsx", "TypeScript JSX", 0, 0, 0, 0, 178, 0, 0, 0, 0, 0, 0, 13, 191
"/Users/sathvik/wayne/fox/No-Code-Form-Builder-And-Workflow/frontend/src/components/ui/separator.tsx", "TypeScript JSX", 0, 0, 0, 0, 23, 0, 0, 0, 0, 0, 0, 4, 27
"/Users/sathvik/wayne/fox/No-Code-Form-Builder-And-Workflow/frontend/src/components/ui/slider.tsx", "TypeScript JSX", 0, 0, 0, 0, 53, 0, 0, 0, 0, 0, 0, 5, 58
"/Users/sathvik/wayne/fox/No-Code-Form-Builder-And-Workflow/frontend/src/components/ui/sonner.tsx", "TypeScript JSX", 0, 0, 0, 0, 44, 0, 0, 0, 0, 0, 0, 4, 48
"/Users/sathvik/wayne/fox/No-Code-Form-Builder-And-Workflow/frontend/src/components/ui/tabs.tsx", "TypeScript JSX", 0, 0, 0, 0, 81, 0, 0, 0, 0, 0, 0, 8, 89
"/Users/sathvik/wayne/fox/No-Code-Form-Builder-And-Workflow/frontend/src/components/ui/textarea.tsx", "TypeScript JSX", 0, 0, 0, 0, 15, 0, 0, 0, 0, 0, 0, 4, 19
"/Users/sathvik/wayne/fox/No-Code-Form-Builder-And-Workflow/frontend/src/components/ui/tooltip.tsx", "TypeScript JSX", 0, 0, 0, 0, 49, 0, 0, 0, 0, 0, 0, 7, 56
"/Users/sathvik/wayne/fox/No-Code-Form-Builder-And-Workflow/frontend/src/config/routes.ts", "TypeScript", 0, 0, 0, 0, 0, 3, 0, 0, 0, 0, 0, 1, 4
"/Users/sathvik/wayne/fox/No-Code-Form-Builder-And-Workflow/frontend/src/contexts/AuthContext.tsx", "TypeScript JSX", 0, 0, 0, 0, 53, 0, 0, 0, 0, 0, 2, 9, 64
"/Users/sathvik/wayne/fox/No-Code-Form-Builder-And-Workflow/frontend/src/form/components/ComponentRender.Helper.tsx", "TypeScript JSX", 0, 0, 0, 0, 30, 0, 0, 0, 0, 0, 1, 5, 36
"/Users/sathvik/wayne/fox/No-Code-Form-Builder-And-Workflow/frontend/src/form/components/PlaceholderRenderer.tsx", "TypeScript JSX", 0, 0, 0, 0, 39, 0, 0, 0, 0, 0, 7, 6, 52
"/Users/sathvik/wayne/fox/No-Code-Form-Builder-And-Workflow/frontend/src/form/components/allComponents.ts", "TypeScript", 0, 0, 0, 0, 0, 289, 0, 0, 0, 0, 69, 43, 401
"/Users/sathvik/wayne/fox/No-Code-Form-Builder-And-Workflow/frontend/src/form/components/base.ts", "TypeScript", 0, 0, 0, 0, 0, 167, 0, 0, 0, 0, 85, 32, 284
"/Users/sathvik/wayne/fox/No-Code-Form-Builder-And-Workflow/frontend/src/form/components/comps/layout/Columns.tsx", "TypeScript JSX", 0, 0, 0, 0, 0, 0, 0, 0, 0, 0, 0, 1, 1
"/Users/sathvik/wayne/fox/No-Code-Form-Builder-And-Workflow/frontend/src/form/components/comps/layout/ComponentStack.tsx", "TypeScript JSX", 0, 0, 0, 0, 0, 0, 0, 0, 0, 0, 0, 1, 1
"/Users/sathvik/wayne/fox/No-Code-Form-Builder-And-Workflow/frontend/src/form/components/comps/layout/Heading.tsx", "TypeScript JSX", 0, 0, 0, 0, 79, 0, 0, 0, 0, 0, 3, 9, 91
"/Users/sathvik/wayne/fox/No-Code-Form-Builder-And-Workflow/frontend/src/form/components/comps/layout/LineDivider.tsx", "TypeScript JSX", 0, 0, 0, 0, 83, 0, 0, 0, 0, 0, 2, 8, 93
"/Users/sathvik/wayne/fox/No-Code-Form-Builder-And-Workflow/frontend/src/form/components/comps/layout/Spacer.tsx", "TypeScript JSX", 0, 0, 0, 0, 0, 0, 0, 0, 0, 0, 0, 1, 1
"/Users/sathvik/wayne/fox/No-Code-Form-Builder-And-Workflow/frontend/src/form/components/comps/layout/TextBox.tsx", "TypeScript JSX", 0, 0, 0, 0, 69, 0, 0, 0, 0, 0, 2, 9, 80
"/Users/sathvik/wayne/fox/No-Code-Form-Builder-And-Workflow/frontend/src/form/components/comps/numeric-input/Decimal.tsx", "TypeScript JSX", 0, 0, 0, 0, 215, 0, 0, 0, 0, 0, 1, 19, 235
"/Users/sathvik/wayne/fox/No-Code-Form-Builder-And-Workflow/frontend/src/form/components/comps/numeric-input/Number.tsx", "TypeScript JSX", 0, 0, 0, 0, 194, 0, 0, 0, 0, 0, 1, 15, 210
"/Users/sathvik/wayne/fox/No-Code-Form-Builder-And-Workflow/frontend/src/form/components/comps/selection/Checkbox.tsx", "TypeScript JSX", 0, 0, 0, 0, 354, 0, 0, 0, 0, 0, 8, 32, 394
"/Users/sathvik/wayne/fox/No-Code-Form-Builder-And-Workflow/frontend/src/form/components/comps/selection/Dropdown.tsx", "TypeScript JSX", 0, 0, 0, 0, 278, 0, 0, 0, 0, 0, 3, 25, 306
"/Users/sathvik/wayne/fox/No-Code-Form-Builder-And-Workflow/frontend/src/form/components/comps/selection/Radio.tsx", "TypeScript JSX", 0, 0, 0, 0, 295, 0, 0, 0, 0, 0, 13, 24, 332
"/Users/sathvik/wayne/fox/No-Code-Form-Builder-And-Workflow/frontend/src/form/components/comps/text-input/MultiLineText.tsx", "TypeScript JSX", 0, 0, 0, 0, 154, 0, 0, 0, 0, 0, 14, 12, 180
"/Users/sathvik/wayne/fox/No-Code-Form-Builder-And-Workflow/frontend/src/form/components/comps/text-input/SingleLineText.tsx", "TypeScript JSX", 0, 0, 0, 0, 209, 0, 0, 0, 0, 0, 2, 14, 225
"/Users/sathvik/wayne/fox/No-Code-Form-Builder-And-Workflow/frontend/src/form/components/comps/wip/AddressBlock.tsx", "TypeScript JSX", 0, 0, 0, 0, 287, 0, 0, 0, 0, 0, 4, 23, 314
"/Users/sathvik/wayne/fox/No-Code-Form-Builder-And-Workflow/frontend/src/form/components/comps/wip/Captcha.tsx", "TypeScript JSX", 0, 0, 0, 0, 0, 0, 0, 0, 0, 0, 0, 1, 1
"/Users/sathvik/wayne/fox/No-Code-Form-Builder-And-Workflow/frontend/src/form/components/comps/wip/ColorPicker.tsx", "TypeScript JSX", 0, 0, 0, 0, 0, 0, 0, 0, 0, 0, 0, 1, 1
"/Users/sathvik/wayne/fox/No-Code-Form-Builder-And-Workflow/frontend/src/form/components/comps/wip/Date.tsx", "TypeScript JSX", 0, 0, 0, 0, 175, 0, 0, 0, 0, 0, 18, 19, 212
"/Users/sathvik/wayne/fox/No-Code-Form-Builder-And-Workflow/frontend/src/form/components/comps/wip/Email.tsx", "TypeScript JSX", 0, 0, 0, 0, 195, 0, 0, 0, 0, 0, 2, 13, 210
"/Users/sathvik/wayne/fox/No-Code-Form-Builder-And-Workflow/frontend/src/form/components/comps/wip/FileUpload.tsx", "TypeScript JSX", 0, 0, 0, 0, 0, 0, 0, 0, 0, 0, 0, 1, 1
"/Users/sathvik/wayne/fox/No-Code-Form-Builder-And-Workflow/frontend/src/form/components/comps/wip/ImageUpload.tsx", "TypeScript JSX", 0, 0, 0, 0, 0, 0, 0, 0, 0, 0, 0, 1, 1
"/Users/sathvik/wayne/fox/No-Code-Form-Builder-And-Workflow/frontend/src/form/components/comps/wip/LinearScale.tsx", "TypeScript JSX", 0, 0, 0, 0, 276, 0, 0, 0, 0, 0, 1, 19, 296
"/Users/sathvik/wayne/fox/No-Code-Form-Builder-And-Workflow/frontend/src/form/components/comps/wip/Location.tsx", "TypeScript JSX", 0, 0, 0, 0, 0, 0, 0, 0, 0, 0, 0, 1, 1
"/Users/sathvik/wayne/fox/No-Code-Form-Builder-And-Workflow/frontend/src/form/components/comps/wip/MatrixTable.tsx", "TypeScript JSX", 0, 0, 0, 0, 0, 0, 0, 0, 0, 0, 0, 1, 1
"/Users/sathvik/wayne/fox/No-Code-Form-Builder-And-Workflow/frontend/src/form/components/comps/wip/MultiChoiceGrid.tsx", "TypeScript JSX", 0, 0, 0, 0, 0, 0, 0, 0, 0, 0, 0, 1, 1
"/Users/sathvik/wayne/fox/No-Code-Form-Builder-And-Workflow/frontend/src/form/components/comps/wip/NameBlock.tsx", "TypeScript JSX", 0, 0, 0, 0, 237, 0, 0, 0, 0, 0, 5, 21, 263
"/Users/sathvik/wayne/fox/No-Code-Form-Builder-And-Workflow/frontend/src/form/components/comps/wip/Phone.tsx", "TypeScript JSX", 0, 0, 0, 0, 261, 0, 0, 0, 0, 0, 8, 23, 292
"/Users/sathvik/wayne/fox/No-Code-Form-Builder-And-Workflow/frontend/src/form/components/comps/wip/RatingScale.tsx", "TypeScript JSX", 0, 0, 0, 0, 241, 0, 0, 0, 0, 0, 6, 19, 266
"/Users/sathvik/wayne/fox/No-Code-Form-Builder-And-Workflow/frontend/src/form/components/comps/wip/RichTextInput.tsx", "TypeScript JSX", 0, 0, 0, 0, 0, 0, 0, 0, 0, 0, 0, 1, 1
"/Users/sathvik/wayne/fox/No-Code-Form-Builder-And-Workflow/frontend/src/form/components/comps/wip/Signature.tsx", "TypeScript JSX", 0, 0, 0, 0, 0, 0, 0, 0, 0, 0, 0, 1, 1
"/Users/sathvik/wayne/fox/No-Code-Form-Builder-And-Workflow/frontend/src/form/components/comps/wip/SingleChoiceGrid.tsx", "TypeScript JSX", 0, 0, 0, 0, 0, 0, 0, 0, 0, 0, 0, 1, 1
"/Users/sathvik/wayne/fox/No-Code-Form-Builder-And-Workflow/frontend/src/form/components/comps/wip/Slider.tsx", "TypeScript JSX", 0, 0, 0, 0, 264, 0, 0, 0, 0, 0, 4, 20, 288
"/Users/sathvik/wayne/fox/No-Code-Form-Builder-And-Workflow/frontend/src/form/components/comps/wip/Time.tsx", "TypeScript JSX", 0, 0, 0, 0, 193, 0, 0, 0, 0, 0, 3, 17, 213
"/Users/sathvik/wayne/fox/No-Code-Form-Builder-And-Workflow/frontend/src/form/components/comps/wip/Toggle.tsx", "TypeScript JSX", 0, 0, 0, 0, 0, 0, 0, 0, 0, 0, 0, 1, 1
"/Users/sathvik/wayne/fox/No-Code-Form-Builder-And-Workflow/frontend/src/form/components/comps/wip/URL.tsx", "TypeScript JSX", 0, 0, 0, 0, 200, 0, 0, 0, 0, 0, 18, 16, 234
"/Users/sathvik/wayne/fox/No-Code-Form-Builder-And-Workflow/frontend/src/form/context/FormModeContext.tsx", "TypeScript JSX", 0, 0, 0, 0, 5, 0, 0, 0, 0, 0, 2, 4, 11
"/Users/sathvik/wayne/fox/No-Code-Form-Builder-And-Workflow/frontend/src/form/hooks/useFormDragHandlers.ts", "TypeScript", 0, 0, 0, 0, 0, 407, 0, 0, 0, 0, 37, 63, 507
"/Users/sathvik/wayne/fox/No-Code-Form-Builder-And-Workflow/frontend/src/form/logic/formLogicEngine.ts", "TypeScript", 0, 0, 0, 0, 0, 237, 0, 0, 0, 0, 18, 35, 290
"/Users/sathvik/wayne/fox/No-Code-Form-Builder-And-Workflow/frontend/src/form/logic/logic.store.ts", "TypeScript", 0, 0, 0, 0, 0, 276, 0, 0, 0, 0, 33, 48, 357
"/Users/sathvik/wayne/fox/No-Code-Form-Builder-And-Workflow/frontend/src/form/logic/logicTypes.ts", "TypeScript", 0, 0, 0, 0, 0, 175, 0, 0, 0, 0, 29, 36, 240
"/Users/sathvik/wayne/fox/No-Code-Form-Builder-And-Workflow/frontend/src/form/registry/componentRegistry.ts", "TypeScript", 0, 0, 0, 0, 0, 328, 0, 0, 0, 0, 24, 53, 405
"/Users/sathvik/wayne/fox/No-Code-Form-Builder-And-Workflow/frontend/src/form/renderer/SelectableWrapper.tsx", "TypeScript JSX", 0, 0, 0, 0, 589, 0, 0, 0, 0, 0, 66, 53, 708
"/Users/sathvik/wayne/fox/No-Code-Form-Builder-And-Workflow/frontend/src/form/renderer/editRenderer/RenderComponent.tsx", "TypeScript JSX", 0, 0, 0, 0, 51, 0, 0, 0, 0, 0, 7, 7, 65
"/Users/sathvik/wayne/fox/No-Code-Form-Builder-And-Workflow/frontend/src/form/renderer/editRenderer/RenderForm.tsx", "TypeScript JSX", 0, 0, 0, 0, 151, 0, 0, 0, 0, 0, 27, 20, 198
"/Users/sathvik/wayne/fox/No-Code-Form-Builder-And-Workflow/frontend/src/form/renderer/editRenderer/RenderPage.tsx", "TypeScript JSX", 0, 0, 0, 0, 84, 0, 0, 0, 0, 0, 1, 8, 93
"/Users/sathvik/wayne/fox/No-Code-Form-Builder-And-Workflow/frontend/src/form/renderer/viewRenderer/FormRunner.tsx", "TypeScript JSX", 0, 0, 0, 0, 333, 0, 0, 0, 0, 0, 64, 54, 451
"/Users/sathvik/wayne/fox/No-Code-Form-Builder-And-Workflow/frontend/src/form/renderer/viewRenderer/runtimeForm.store.ts", "TypeScript", 0, 0, 0, 0, 0, 130, 0, 0, 0, 0, 114, 36, 280
"/Users/sathvik/wayne/fox/No-Code-Form-Builder-And-Workflow/frontend/src/form/renderer/viewRenderer/runtimeForm.types.ts", "TypeScript", 0, 0, 0, 0, 0, 48, 0, 0, 0, 0, 33, 10, 91
"/Users/sathvik/wayne/fox/No-Code-Form-Builder-And-Workflow/frontend/src/form/store/form.store.ts", "TypeScript", 0, 0, 0, 0, 0, 638, 0, 0, 0, 0, 127, 126, 891
"/Users/sathvik/wayne/fox/No-Code-Form-Builder-And-Workflow/frontend/src/form/store/formSerialization.ts", "TypeScript", 0, 0, 0, 0, 0, 44, 0, 0, 0, 0, 12, 7, 63
"/Users/sathvik/wayne/fox/No-Code-Form-Builder-And-Workflow/frontend/src/form/store/group.store.ts", "TypeScript", 0, 0, 0, 0, 0, 36, 0, 0, 0, 0, 1, 5, 42
"/Users/sathvik/wayne/fox/No-Code-Form-Builder-And-Workflow/frontend/src/form/theme/FormThemeProvider.tsx", "TypeScript JSX", 0, 0, 0, 0, 178, 0, 0, 0, 0, 0, 13, 25, 216
"/Users/sathvik/wayne/fox/No-Code-Form-Builder-And-Workflow/frontend/src/form/theme/formTheme.ts", "TypeScript", 0, 0, 0, 0, 0, 78, 0, 0, 0, 0, 4, 5, 87
"/Users/sathvik/wayne/fox/No-Code-Form-Builder-And-Workflow/frontend/src/form/theme/theme.store.ts", "TypeScript", 0, 0, 0, 0, 0, 48, 0, 0, 0, 0, 6, 10, 64
"/Users/sathvik/wayne/fox/No-Code-Form-Builder-And-Workflow/frontend/src/form/utils/DndUtils.tsx", "TypeScript JSX", 0, 0, 0, 0, 13, 0, 0, 0, 0, 0, 3, 3, 19
"/Users/sathvik/wayne/fox/No-Code-Form-Builder-And-Workflow/frontend/src/lib/api.ts", "TypeScript", 0, 0, 0, 0, 0, 39, 0, 0, 0, 0, 1, 8, 48
"/Users/sathvik/wayne/fox/No-Code-Form-Builder-And-Workflow/frontend/src/lib/firebase.ts", "TypeScript", 0, 0, 0, 0, 0, 15, 0, 0, 0, 0, 1, 4, 20
"/Users/sathvik/wayne/fox/No-Code-Form-Builder-And-Workflow/frontend/src/lib/formApi.ts", "TypeScript", 0, 0, 0, 0, 0, 317, 0, 0, 0, 0, 2, 34, 353
"/Users/sathvik/wayne/fox/No-Code-Form-Builder-And-Workflow/frontend/src/lib/frontendBackendCompArray.ts", "TypeScript", 0, 0, 0, 0, 0, 36, 0, 0, 0, 0, 2, 3, 41
"/Users/sathvik/wayne/fox/No-Code-Form-Builder-And-Workflow/frontend/src/lib/utils.ts", "TypeScript", 0, 0, 0, 0, 0, 5, 0, 0, 0, 0, 0, 2, 7
"/Users/sathvik/wayne/fox/No-Code-Form-Builder-And-Workflow/frontend/src/main.tsx", "TypeScript JSX", 0, 0, 0, 0, 17, 0, 0, 0, 0, 0, 0, 3, 20
"/Users/sathvik/wayne/fox/No-Code-Form-Builder-And-Workflow/frontend/src/pages/AccountPage.tsx", "TypeScript JSX", 0, 0, 0, 0, 100, 0, 0, 0, 0, 0, 3, 10, 113
"/Users/sathvik/wayne/fox/No-Code-Form-Builder-And-Workflow/frontend/src/pages/ActivityPage.tsx", "TypeScript JSX", 0, 0, 0, 0, 229, 0, 0, 0, 0, 0, 3, 15, 247
"/Users/sathvik/wayne/fox/No-Code-Form-Builder-And-Workflow/frontend/src/pages/Dashboard/Dashboard.tsx", "TypeScript JSX", 0, 0, 0, 0, 121, 0, 0, 0, 0, 0, 4, 15, 140
"/Users/sathvik/wayne/fox/No-Code-Form-Builder-And-Workflow/frontend/src/pages/Dashboard/components/DashboardHeader.tsx", "TypeScript JSX", 0, 0, 0, 0, 74, 0, 0, 0, 0, 0, 0, 5, 79
"/Users/sathvik/wayne/fox/No-Code-Form-Builder-And-Workflow/frontend/src/pages/Dashboard/components/MyFormsTab.tsx", "TypeScript JSX", 0, 0, 0, 0, 426, 0, 0, 0, 0, 0, 10, 26, 462
"/Users/sathvik/wayne/fox/No-Code-Form-Builder-And-Workflow/frontend/src/pages/Dashboard/components/SharedFormsTab.tsx", "TypeScript JSX", 0, 0, 0, 0, 350, 0, 0, 0, 0, 0, 304, 34, 688
"/Users/sathvik/wayne/fox/No-Code-Form-Builder-And-Workflow/frontend/src/pages/Dashboard/components/SubmissionDetails.tsx", "TypeScript JSX", 0, 0, 0, 0, 131, 0, 0, 0, 0, 0, 96, 13, 240
"/Users/sathvik/wayne/fox/No-Code-Form-Builder-And-Workflow/frontend/src/pages/Dashboard/components/SubmissionsTab.tsx", "TypeScript JSX", 0, 0, 0, 0, 182, 0, 0, 0, 0, 0, 3, 16, 201
"/Users/sathvik/wayne/fox/No-Code-Form-Builder-And-Workflow/frontend/src/pages/Dashboard/components/TemplatesSection.tsx", "TypeScript JSX", 0, 0, 0, 0, 86, 0, 0, 0, 0, 0, 3, 9, 98
"/Users/sathvik/wayne/fox/No-Code-Form-Builder-And-Workflow/frontend/src/pages/Dashboard/dashboard.types.ts", "TypeScript", 0, 0, 0, 0, 0, 27, 0, 0, 0, 0, 0, 3, 30
"/Users/sathvik/wayne/fox/No-Code-Form-Builder-And-Workflow/frontend/src/pages/Dashboard/dashboard.utils.ts", "TypeScript", 0, 0, 0, 0, 0, 38, 0, 0, 0, 0, 0, 4, 42
"/Users/sathvik/wayne/fox/No-Code-Form-Builder-And-Workflow/frontend/src/pages/EditorThemeTemplatesPage.tsx", "TypeScript JSX", 0, 0, 0, 0, 82, 0, 0, 0, 0, 0, 3, 7, 92
"/Users/sathvik/wayne/fox/No-Code-Form-Builder-And-Workflow/frontend/src/pages/FormEditor/FormEditorLayout.tsx", "TypeScript JSX", 0, 0, 0, 0, 156, 0, 0, 0, 0, 0, 13, 28, 197
"/Users/sathvik/wayne/fox/No-Code-Form-Builder-And-Workflow/frontend/src/pages/FormEditor/FormEditorLoader.tsx", "TypeScript JSX", 0, 0, 0, 0, 9, 0, 0, 0, 0, 0, 0, 3, 12
"/Users/sathvik/wayne/fox/No-Code-Form-Builder-And-Workflow/frontend/src/pages/FormEditor/FormEditorPage.tsx", "TypeScript JSX", 0, 0, 0, 0, 6, 0, 0, 0, 0, 0, 0, 1, 7
"/Users/sathvik/wayne/fox/No-Code-Form-Builder-And-Workflow/frontend/src/pages/FormEditor/FormEditorShell.tsx", "TypeScript JSX", 0, 0, 0, 0, 21, 0, 0, 0, 0, 0, 0, 3, 24
"/Users/sathvik/wayne/fox/No-Code-Form-Builder-And-Workflow/frontend/src/pages/FormEditor/KeyboardShortcutsHelp.tsx", "TypeScript JSX", 0, 0, 0, 0, 134, 0, 0, 0, 0, 0, 0, 7, 141
"/Users/sathvik/wayne/fox/No-Code-Form-Builder-And-Workflow/frontend/src/pages/FormEditor/components/ActionRow.tsx", "TypeScript JSX", 0, 0, 0, 0, 66, 0, 0, 0, 0, 0, 8, 9, 83
"/Users/sathvik/wayne/fox/No-Code-Form-Builder-And-Workflow/frontend/src/pages/FormEditor/components/ComponentCatalogPanel.tsx", "TypeScript JSX", 0, 0, 0, 0, 199, 0, 0, 0, 0, 0, 31, 13, 243
"/Users/sathvik/wayne/fox/No-Code-Form-Builder-And-Workflow/frontend/src/pages/FormEditor/components/ComponentPropertiesPanel.tsx", "TypeScript JSX", 0, 0, 0, 0, 191, 0, 0, 0, 0, 0, 45, 26, 262
"/Users/sathvik/wayne/fox/No-Code-Form-Builder-And-Workflow/frontend/src/pages/FormEditor/components/ConditionBuilder.tsx", "TypeScript JSX", 0, 0, 0, 0, 291, 0, 0, 0, 0, 0, 17, 27, 335
"/Users/sathvik/wayne/fox/No-Code-Form-Builder-And-Workflow/frontend/src/pages/FormEditor/components/DebugPanel.tsx", "TypeScript JSX", 0, 0, 0, 0, 67, 0, 0, 0, 0, 0, 2, 7, 76
"/Users/sathvik/wayne/fox/No-Code-Form-Builder-And-Workflow/frontend/src/pages/FormEditor/components/DependencyGraph.tsx", "TypeScript JSX", 0, 0, 0, 0, 124, 0, 0, 0, 0, 0, 12, 18, 154
"/Users/sathvik/wayne/fox/No-Code-Form-Builder-And-Workflow/frontend/src/pages/FormEditor/components/EditorSidebar.tsx", "TypeScript JSX", 0, 0, 0, 0, 62, 0, 0, 0, 0, 0, 6, 6, 74
"/Users/sathvik/wayne/fox/No-Code-Form-Builder-And-Workflow/frontend/src/pages/FormEditor/components/FormCanvas.tsx", "TypeScript JSX", 0, 0, 0, 0, 121, 0, 0, 0, 0, 0, 3, 13, 137
"/Users/sathvik/wayne/fox/No-Code-Form-Builder-And-Workflow/frontend/src/pages/FormEditor/components/FormPropertiesPanel.tsx", "TypeScript JSX", 0, 0, 0, 0, 258, 0, 0, 0, 0, 0, 20, 23, 301
"/Users/sathvik/wayne/fox/No-Code-Form-Builder-And-Workflow/frontend/src/pages/FormEditor/components/FormulaEditor.tsx", "TypeScript JSX", 0, 0, 0, 0, 241, 0, 0, 0, 0, 0, 11, 33, 285
"/Users/sathvik/wayne/fox/No-Code-Form-Builder-And-Workflow/frontend/src/pages/FormEditor/components/GroupCatalogPanel.tsx", "TypeScript JSX", 0, 0, 0, 0, 83, 0, 0, 0, 0, 0, 0, 7, 90
"/Users/sathvik/wayne/fox/No-Code-Form-Builder-And-Workflow/frontend/src/pages/FormEditor/components/LogicPanel.tsx", "TypeScript JSX", 0, 0, 0, 0, 540, 0, 0, 0, 0, 0, 0, 29, 569
"/Users/sathvik/wayne/fox/No-Code-Form-Builder-And-Workflow/frontend/src/pages/FormEditor/components/LogicPlayground.tsx", "TypeScript JSX", 0, 0, 0, 0, 383, 0, 0, 0, 0, 0, 24, 24, 431
"/Users/sathvik/wayne/fox/No-Code-Form-Builder-And-Workflow/frontend/src/pages/FormEditor/components/PageNavigator.tsx", "TypeScript JSX", 0, 0, 0, 0, 94, 0, 0, 0, 0, 0, 7, 11, 112
"/Users/sathvik/wayne/fox/No-Code-Form-Builder-And-Workflow/frontend/src/pages/FormEditor/components/PreviewPublishPanel.tsx", "TypeScript JSX", 0, 0, 0, 0, 14, 0, 0, 0, 0, 0, 1, 2, 17
"/Users/sathvik/wayne/fox/No-Code-Form-Builder-And-Workflow/frontend/src/pages/FormEditor/components/RightFloatingPanel.tsx", "TypeScript JSX", 0, 0, 0, 0, 61, 0, 0, 0, 0, 0, 9, 8, 78
"/Users/sathvik/wayne/fox/No-Code-Form-Builder-And-Workflow/frontend/src/pages/FormEditor/components/TemplateCatalogPanel.tsx", "TypeScript JSX", 0, 0, 0, 0, 14, 0, 0, 0, 0, 0, 1, 2, 17
"/Users/sathvik/wayne/fox/No-Code-Form-Builder-And-Workflow/frontend/src/pages/FormEditor/components/ThemePanel.tsx", "TypeScript JSX", 0, 0, 0, 0, 21, 0, 0, 0, 0, 0, 5, 2, 28
"/Users/sathvik/wayne/fox/No-Code-Form-Builder-And-Workflow/frontend/src/pages/FormEditor/components/ThemingPage.tsx", "TypeScript JSX", 0, 0, 0, 0, 1003, 0, 0, 0, 0, 0, 63, 77, 1143
"/Users/sathvik/wayne/fox/No-Code-Form-Builder-And-Workflow/frontend/src/pages/FormEditor/components/Workspaces.tsx", "TypeScript JSX", 0, 0, 0, 0, 344, 0, 0, 0, 0, 0, 28, 25, 397
"/Users/sathvik/wayne/fox/No-Code-Form-Builder-And-Workflow/frontend/src/pages/FormEditor/components/wip/AIPanel.tsx", "TypeScript JSX", 0, 0, 0, 0, 0, 0, 0, 0, 0, 0, 0, 1, 1
"/Users/sathvik/wayne/fox/No-Code-Form-Builder-And-Workflow/frontend/src/pages/FormEditor/components/wip/TemplatePanel.tsx", "TypeScript JSX", 0, 0, 0, 0, 0, 0, 0, 0, 0, 0, 0, 1, 1
"/Users/sathvik/wayne/fox/No-Code-Form-Builder-And-Workflow/frontend/src/pages/FormEditor/components/wip/ThemePanel.tsx", "TypeScript JSX", 0, 0, 0, 0, 0, 0, 0, 0, 0, 0, 0, 1, 1
"/Users/sathvik/wayne/fox/No-Code-Form-Builder-And-Workflow/frontend/src/pages/FormEditor/hooks/useFormEditorController.ts", "TypeScript", 0, 0, 0, 0, 0, 159, 0, 0, 0, 0, 20, 43, 222
"/Users/sathvik/wayne/fox/No-Code-Form-Builder-And-Workflow/frontend/src/pages/FormEditor/hooks/useFormEditorHydration.ts", "TypeScript", 0, 0, 0, 0, 0, 62, 0, 0, 0, 0, 0, 13, 75
"/Users/sathvik/wayne/fox/No-Code-Form-Builder-And-Workflow/frontend/src/pages/FormEditor/legacy/FormEditor.tsx", "TypeScript JSX", 0, 0, 0, 0, 579, 0, 0, 0, 0, 0, 36, 52, 667
"/Users/sathvik/wayne/fox/No-Code-Form-Builder-And-Workflow/frontend/src/pages/FormEditor/overlays/EditorDragOverlay.tsx", "TypeScript JSX", 0, 0, 0, 0, 6, 0, 0, 0, 0, 0, 0, 3, 9
"/Users/sathvik/wayne/fox/No-Code-Form-Builder-And-Workflow/frontend/src/pages/FormEditor/useFormEditorShortcuts.ts", "TypeScript", 0, 0, 0, 0, 0, 342, 0, 0, 0, 0, 27, 42, 411
"/Users/sathvik/wayne/fox/No-Code-Form-Builder-And-Workflow/frontend/src/pages/FormFill/FillFieldRenderer.tsx", "TypeScript JSX", 0, 0, 0, 0, 430, 0, 0, 0, 0, 0, 0, 22, 452
"/Users/sathvik/wayne/fox/No-Code-Form-Builder-And-Workflow/frontend/src/pages/FormFill/FormFill.tsx", "TypeScript JSX", 0, 0, 0, 0, 508, 0, 0, 0, 0, 0, 0, 48, 556
"/Users/sathvik/wayne/fox/No-Code-Form-Builder-And-Workflow/frontend/src/pages/FormFill/FormPreview.tsx", "TypeScript JSX", 0, 0, 0, 0, 153, 0, 0, 0, 0, 0, 0, 15, 168
"/Users/sathvik/wayne/fox/No-Code-Form-Builder-And-Workflow/frontend/src/pages/FormFill/FormSuccess.tsx", "TypeScript JSX", 0, 0, 0, 0, 25, 0, 0, 0, 0, 0, 1, 4, 30
"/Users/sathvik/wayne/fox/No-Code-Form-Builder-And-Workflow/frontend/src/pages/FormFill/runtimeLogic.ts", "TypeScript", 0, 0, 0, 0, 0, 486, 0, 0, 0, 0, 1, 40, 527
"/Users/sathvik/wayne/fox/No-Code-Form-Builder-And-Workflow/frontend/src/pages/FormReview/FormReview.tsx", "TypeScript JSX", 0, 0, 0, 0, 365, 0, 0, 0, 0, 0, 0, 34, 399
"/Users/sathvik/wayne/fox/No-Code-Form-Builder-And-Workflow/frontend/src/pages/FormSubmit/FormSubmit.tsx", "TypeScript JSX", 0, 0, 0, 0, 8, 0, 0, 0, 0, 0, 0, 2, 10
"/Users/sathvik/wayne/fox/No-Code-Form-Builder-And-Workflow/frontend/src/pages/KeyboardShortcutsPage.tsx", "TypeScript JSX", 0, 0, 0, 0, 425, 0, 0, 0, 0, 0, 0, 14, 439
"/Users/sathvik/wayne/fox/No-Code-Form-Builder-And-Workflow/frontend/src/pages/Login/page.tsx", "TypeScript JSX", 0, 0, 0, 0, 79, 0, 0, 0, 0, 0, 1, 11, 91
"/Users/sathvik/wayne/fox/No-Code-Form-Builder-And-Workflow/frontend/src/pages/NotificationSettingsPage.tsx", "TypeScript JSX", 0, 0, 0, 0, 138, 0, 0, 0, 0, 0, 2, 13, 153
"/Users/sathvik/wayne/fox/No-Code-Form-Builder-And-Workflow/frontend/src/pages/UserSettingsPage.tsx", "TypeScript JSX", 0, 0, 0, 0, 215, 0, 0, 0, 0, 0, 6, 13, 234
"/Users/sathvik/wayne/fox/No-Code-Form-Builder-And-Workflow/frontend/src/routes/formRoutes.tsx", "TypeScript JSX", 0, 0, 0, 0, 17, 0, 0, 0, 0, 0, 0, 1, 18
"/Users/sathvik/wayne/fox/No-Code-Form-Builder-And-Workflow/frontend/src/routes/index.ts", "TypeScript", 0, 0, 0, 0, 0, 6, 0, 0, 0, 0, 0, 1, 7
"/Users/sathvik/wayne/fox/No-Code-Form-Builder-And-Workflow/frontend/src/routes/protectedRoutes.tsx", "TypeScript JSX", 0, 0, 0, 0, 21, 0, 0, 0, 0, 0, 0, 2, 23
"/Users/sathvik/wayne/fox/No-Code-Form-Builder-And-Workflow/frontend/src/routes/publicRoutes.tsx", "TypeScript JSX", 0, 0, 0, 0, 22, 0, 0, 0, 0, 0, 0, 1, 23
"/Users/sathvik/wayne/fox/No-Code-Form-Builder-And-Workflow/frontend/src/routes/settingsRoutes.tsx", "TypeScript JSX", 0, 0, 0, 0, 27, 0, 0, 0, 0, 0, 0, 1, 28
"/Users/sathvik/wayne/fox/No-Code-Form-Builder-And-Workflow/frontend/src/styles/font-theme.css", "PostCSS", 0, 0, 0, 0, 0, 0, 69, 0, 0, 0, 5, 6, 80
"/Users/sathvik/wayne/fox/No-Code-Form-Builder-And-Workflow/frontend/src/styles/form-theme.css", "PostCSS", 0, 0, 0, 0, 0, 0, 557, 0, 0, 0, 69, 49, 675
"/Users/sathvik/wayne/fox/No-Code-Form-Builder-And-Workflow/frontend/src/styles/index.css", "PostCSS", 0, 0, 0, 0, 0, 0, 135, 0, 0, 0, 1, 12, 148
"/Users/sathvik/wayne/fox/No-Code-Form-Builder-And-Workflow/frontend/src/styles/theming-page.css", "PostCSS", 0, 0, 0, 0, 0, 0, 264, 0, 0, 0, 21, 21, 306
"/Users/sathvik/wayne/fox/No-Code-Form-Builder-And-Workflow/frontend/tsconfig.app.json", "JSON", 0, 0, 0, 28, 0, 0, 0, 0, 0, 0, 2, 3, 33
"/Users/sathvik/wayne/fox/No-Code-Form-Builder-And-Workflow/frontend/tsconfig.json", "JSON with Comments", 0, 0, 0, 0, 0, 0, 0, 13, 0, 0, 0, 1, 14
"/Users/sathvik/wayne/fox/No-Code-Form-Builder-And-Workflow/frontend/tsconfig.node.json", "JSON", 0, 0, 0, 22, 0, 0, 0, 0, 0, 0, 2, 3, 27
"/Users/sathvik/wayne/fox/No-Code-Form-Builder-And-Workflow/frontend/vercel.json", "JSON", 0, 0, 0, 5, 0, 0, 0, 0, 0, 0, 0, 1, 6
"/Users/sathvik/wayne/fox/No-Code-Form-Builder-And-Workflow/frontend/vite.config.ts", "TypeScript", 0, 0, 0, 0, 0, 12, 0, 0, 0, 0, 1, 2, 15
"Total", "-", 446, 76, 3624, 18475, 17602, 4448, 1025, 13, 27, 7, 2925, 3243, 51911